Day/Month/Year,BusStop,Pasengers
อังคารที่ 4 มกราคม 2565,7-Eleven Stop,580
อังคารที่ 4 มกราคม 2565,ETC office ,524
พุธที่ 5 มกราคม 2565,7-Eleven Stop,620
พุธที่ 5 มกราคม 2565,ETC office ,499
พฤหัสบดีที่ 6 มกราคม 2565,7-Eleven Stop,603
พฤหัสบดีที่ 6 มกราคม 2565,ETC office ,507
ศุกร์ที่ 7 มกราคม 2565,7-Eleven Stop,594
ศุกร์ที่ 7 มกราคม 2565,ETC office ,447
จันทร์ที่ 10 มกราคม 2565,7-Eleven Stop,609
จันทร์ที่ 10 มกราคม 2565,ETC office ,532
อังคารที่ 11 มกราคม 2565,7-Eleven Stop,611
อังคารที่ 11 มกราคม 2565,ETC office ,511
พุธที่ 12 มกราคม 2565,7-Eleven Stop,553
พุธที่ 12 มกราคม 2565,ETC office ,515
พฤหัสบดีที่ 13 มกราคม 2565,7-Eleven Stop,602
พฤหัสบดีที่ 13 มกราคม 2565,ETC office ,479
ศุกร์ที่ 14 มกราคม 2565,7-Eleven Stop,609
ศุกร์ที่ 14 มกราคม 2565,ETC office ,478
จันทร์ที่ 17 มกราคม 2565,7-Eleven Stop,683
จันทร์ที่ 17 มกราคม 2565,ETC office ,597
อังคารที่ 18 มกราคม 2565,7-Eleven Stop,704
อังคารที่ 18 มกราคม 2565,ETC office ,543
พุธที่ 19 มกราคม 2565,7-Eleven Stop,703
พุธที่ 19 มกราคม 2565,ETC office ,594
พฤหัสบดีที่ 20 มกราคม 2565,7-Eleven Stop,643
พฤหัสบดีที่ 20 มกราคม 2565,ETC office ,566
ศุกร์ที่ 21 มกราคม 2565,7-Eleven Stop,651
ศุกร์ที่ 21 มกราคม 2565,ETC office ,575
จันทร์ที่ 24 มกราคม 2565,7-Eleven Stop,667
จันทร์ที่ 24 มกราคม 2565,ETC office ,551
อังคารที่ 25 มกราคม 2565,7-Eleven Stop,700
อังคารที่ 25 มกราคม 2565,ETC office ,571
พุธที่ 26 มกราคม 2565,7-Eleven Stop,680
พุธที่ 26 มกราคม 2565,ETC office ,558
พฤหัสบดีที่ 27 มกราคม 2565,7-Eleven Stop,660
พฤหัสบดีที่ 27 มกราคม 2565,ETC office ,595
ศุกร์ที่ 28 มกราคม 2565,7-Eleven Stop,624
ศุกร์ที่ 28 มกราคม 2565,ETC office ,573
จันทร์ที่ 31 มกราคม 2565,7-Eleven Stop,631
จันทร์ที่ 31 มกราคม 2565,ETC office ,524
อังคารที่ 1 กุมภาพันธ์ 2565,7-Eleven Stop,749
อังคารที่ 1 กุมภาพันธ์ 2565,ETC office ,618
พุธที่ 2 กุมภาพันธ์ 2565,7-Eleven Stop,834
พุธที่ 2 กุมภาพันธ์ 2565,ETC office ,622
พฤหัสบดีที่ 3 กุมภาพันธ์ 2565,7-Eleven Stop,787
พฤหัสบดีที่ 3 กุมภาพันธ์ 2565,ETC office ,613
ศุกร์ที่ 4 กุมภาพันธ์ 2565,7-Eleven Stop,749
ศุกร์ที่ 4 กุมภาพันธ์ 2565,ETC office ,521
ศุกร์ที่ 4 กุมภาพันธ์ 2565,Building A Gate 6,137
จันทร์ที่ 7 กุมภาพันธ์ 2565,7-Eleven Stop,769
จันทร์ที่ 7 กุมภาพันธ์ 2565,ETC office ,624
จันทร์ที่ 7 กุมภาพันธ์ 2565,Building A Gate 6,143
อังคารที่ 8 กุมภาพันธ์ 2565,7-Eleven Stop,824
อังคารที่ 8 กุมภาพันธ์ 2565,ETC office ,579
อังคารที่ 8 กุมภาพันธ์ 2565,Building A Gate 6,134
พุธที่ 9 กุมภาพันธ์ 2565,7-Eleven Stop,816
พุธที่ 9 กุมภาพันธ์ 2565,ETC office ,584
พุธที่ 9 กุมภาพันธ์ 2565,Building A Gate 6,99
พฤหัสบดีที่ 10 กุมภาพันธ์ 2565,7-Eleven Stop,783
พฤหัสบดีที่ 10 กุมภาพันธ์ 2565,ETC office ,592
พฤหัสบดีที่ 10 กุมภาพันธ์ 2565,Building A Gate 6,131
ศุกร์ที่ 11 กุมภาพันธ์ 2565,7-Eleven Stop,714
ศุกร์ที่ 11 กุมภาพันธ์ 2565,ETC office ,514
ศุกร์ที่ 11 กุมภาพันธ์ 2565,Building A Gate 6,118
จันทร์ที่ 14 กุมภาพันธ์ 2565,7-Eleven Stop,745
จันทร์ที่ 14 กุมภาพันธ์ 2565,ETC office ,640
จันทร์ที่ 14 กุมภาพันธ์ 2565,Building A Gate 6,161
อังคารที่ 15 กุมภาพันธ์ 2565,7-Eleven Stop,739
อังคารที่ 15 กุมภาพันธ์ 2565,ETC office ,592
อังคารที่ 15 กุมภาพันธ์ 2565,Building A Gate 6,122
พฤหัสบดีที่ 17 กุมภาพันธ์ 2565,7-Eleven Stop,731
พฤหัสบดีที่ 17 กุมภาพันธ์ 2565,ETC office ,572
พฤหัสบดีที่ 17 กุมภาพันธ์ 2565,Building A Gate 6,107
ศุกร์ที่ 18 กุมภาพันธ์ 2565,7-Eleven Stop,760
ศุกร์ที่ 18 กุมภาพันธ์ 2565,ETC office ,534
ศุกร์ที่ 18 กุมภาพันธ์ 2565,Building A Gate 6,130
จันทร์ที่ 21 กุมภาพันธ์ 2565,7-Eleven Stop,750
จันทร์ที่ 21 กุมภาพันธ์ 2565,ETC office ,555
จันทร์ที่ 21 กุมภาพันธ์ 2565,Building A Gate 6,135
อังคารที่ 22 กุมภาพันธ์ 2565,7-Eleven Stop,835
อังคารที่ 22 กุมภาพันธ์ 2565,ETC office ,638
อังคารที่ 22 กุมภาพันธ์ 2565,Building A Gate 6,146
พุธที่ 23 กุมภาพันธ์ 2565,7-Eleven Stop,784
พุธที่ 23 กุมภาพันธ์ 2565,ETC office ,600
พุธที่ 23 กุมภาพันธ์ 2565,Building A Gate 6,114
พฤหัสบดีที่ 24 กุมภาพันธ์ 2565,7-Eleven Stop,763
พฤหัสบดีที่ 24 กุมภาพันธ์ 2565,ETC office ,582
พฤหัสบดีที่ 24 กุมภาพันธ์ 2565,Building A Gate 6,101
ศุกร์ที่ 25 กุมภาพันธ์ 2565,7-Eleven Stop,679
ศุกร์ที่ 25 กุมภาพันธ์ 2565,ETC office ,545
ศุกร์ที่ 25 กุมภาพันธ์ 2565,Building A Gate 6,154
จันทร์ที่ 28 กุมภาพันธ์ 2565,7-Eleven Stop,780
จันทร์ที่ 28 กุมภาพันธ์ 2565,ETC office ,544
จันทร์ที่ 28 กุมภาพันธ์ 2565,Building A Gate 6,160
อังคารที่ 1 มีนาคม 2565,7-Eleven Stop,753
อังคารที่ 1 มีนาคม 2565,ETC office ,607
อังคารที่ 1 มีนาคม 2565,Building A Gate 6,143
พุธที่ 2 มีนาคม 2565,7-Eleven Stop,755
พุธที่ 2 มีนาคม 2565,ETC office ,573
พุธที่ 2 มีนาคม 2565,Building A Gate 6,125
พฤหัสบดีที่ 3 มีนาคม 2565,7-Eleven Stop,685
พฤหัสบดีที่ 3 มีนาคม 2565,ETC office ,588
พฤหัสบดีที่ 3 มีนาคม 2565,Building A Gate 6,64
ศุกร์ที่ 4 มีนาคม 2565,7-Eleven Stop,707
ศุกร์ที่ 4 มีนาคม 2565,ETC office ,555
ศุกร์ที่ 4 มีนาคม 2565,Building A Gate 6,76
จันทร์ที่ 7 มีนาคม 2565,7-Eleven Stop,676
จันทร์ที่ 7 มีนาคม 2565,ETC office ,580
จันทร์ที่ 7 มีนาคม 2565,Building A Gate 6,56
อังคารที่ 8 มีนาคม 2565,7-Eleven Stop,741
อังคารที่ 8 มีนาคม 2565,ETC office ,554
อังคารที่ 8 มีนาคม 2565,Building A Gate 6,61
พุธที่ 9 มีนาคม 2565,7-Eleven Stop,795
พุธที่ 9 มีนาคม 2565,ETC office ,601
พุธที่ 9 มีนาคม 2565,Building A Gate 6,70
พฤหัสบดีที่ 10 มีนาคม 2565,7-Eleven Stop,698
พฤหัสบดีที่ 10 มีนาคม 2565,ETC office ,590
พฤหัสบดีที่ 10 มีนาคม 2565,Building A Gate 6,59
ศุกร์ที่ 11 มีนาคม 2565,7-Eleven Stop,676
ศุกร์ที่ 11 มีนาคม 2565,ETC office ,479
ศุกร์ที่ 11 มีนาคม 2565,Building A Gate 6,70
จันทร์ที่ 14 มีนาคม 2565,7-Eleven Stop,724
จันทร์ที่ 14 มีนาคม 2565,ETC office ,550
จันทร์ที่ 14 มีนาคม 2565,Building A Gate 6,43
อังคารที่ 15 มีนาคม 2565,7-Eleven Stop,734
อังคารที่ 15 มีนาคม 2565,ETC office ,601
อังคารที่ 15 มีนาคม 2565,Building A Gate 6,49
พุธที่ 16 มีนาคม 2565,7-Eleven Stop,725
พุธที่ 16 มีนาคม 2565,ETC office ,620
พุธที่ 16 มีนาคม 2565,Building A Gate 6,75
พฤหัสบดีที่ 17 มีนาคม 2565,7-Eleven Stop,712
พฤหัสบดีที่ 17 มีนาคม 2565,ETC office ,617
พฤหัสบดีที่ 17 มีนาคม 2565,Building A Gate 6,91
ศุกร์ที่ 18 มีนาคม 2565,7-Eleven Stop,707
ศุกร์ที่ 18 มีนาคม 2565,ETC office ,565
ศุกร์ที่ 18 มีนาคม 2565,Building A Gate 6,55
จันทร์ที่ 21 มีนาคม 2565,7-Eleven Stop,705
จันทร์ที่ 21 มีนาคม 2565,ETC office ,604
จันทร์ที่ 21 มีนาคม 2565,Building A Gate 6,78
อังคารที่ 22 มีนาคม 2565,7-Eleven Stop,771
อังคารที่ 22 มีนาคม 2565,ETC office ,607
อังคารที่ 22 มีนาคม 2565,Building A Gate 6,68
พุธที่ 23 มีนาคม 2565,7-Eleven Stop,757
พุธที่ 23 มีนาคม 2565,ETC office ,567
พุธที่ 23 มีนาคม 2565,Building A Gate 6,76
พฤหัสบดีที่ 24 มีนาคม 2565,7-Eleven Stop,682
พฤหัสบดีที่ 24 มีนาคม 2565,ETC office ,550
พฤหัสบดีที่ 24 มีนาคม 2565,Building A Gate 6,51
ศุกร์ที่ 25 มีนาคม 2565,7-Eleven Stop,696
ศุกร์ที่ 25 มีนาคม 2565,ETC office ,592
ศุกร์ที่ 25 มีนาคม 2565,Building A Gate 6,86
จันทร์ที่ 28 มีนาคม 2565,7-Eleven Stop,746
จันทร์ที่ 28 มีนาคม 2565,ETC office ,596
จันทร์ที่ 28 มีนาคม 2565,Building A Gate 6,84
อังคารที่ 29 มีนาคม 2565,7-Eleven Stop,785
อังคารที่ 29 มีนาคม 2565,ETC office ,619
อังคารที่ 29 มีนาคม 2565,Building A Gate 6,72
พุธที่ 30 มีนาคม 2565,7-Eleven Stop,804
พุธที่ 30 มีนาคม 2565,ETC office ,596
พุธที่ 30 มีนาคม 2565,Building A Gate 6,80
พฤหัสบดีที่ 31 มีนาคม 2565,7-Eleven Stop,778
พฤหัสบดีที่ 31 มีนาคม 2565,ETC office ,599
พฤหัสบดีที่ 31 มีนาคม 2565,Building A Gate 6,84
ศุกร์ที่ 1 เม.ย. 2565,7-Eleven Stop,725
ศุกร์ที่ 1 เม.ย. 2565,ETC office ,533
ศุกร์ที่ 1 เม.ย. 2565,Building A Gate 6,80
จันทร์ที่ 4 เม.ย. 2565,7-Eleven Stop,681
จันทร์ที่ 4 เม.ย. 2565,ETC office ,590
จันทร์ที่ 4 เม.ย. 2565,Building A Gate 6,70
อังคารที่ 5 เม.ย. 2565,7-Eleven Stop,808
อังคารที่ 5 เม.ย. 2565,ETC office ,556
อังคารที่ 5 เม.ย. 2565,Building A Gate 6,76
พฤหัสบดีที่ 7 เม.ย. 2565,7-Eleven Stop,779
พฤหัสบดีที่ 7 เม.ย. 2565,ETC office ,673
พฤหัสบดีที่ 7 เม.ย. 2565,Building A Gate 6,89
ศุกร์ที่ 8 เม.ย. 2565,7-Eleven Stop,783
ศุกร์ที่ 8 เม.ย. 2565,ETC office ,612
ศุกร์ที่ 8 เม.ย. 2565,Building A Gate 6,70
จันทร์ที่ 11 เม.ย. 2565,7-Eleven Stop,695
จันทร์ที่ 11 เม.ย. 2565,ETC office ,555
จันทร์ที่ 11 เม.ย. 2565,Building A Gate 6,71
อังคารที่ 12 เม.ย. 2565,7-Eleven Stop,622
อังคารที่ 12 เม.ย. 2565,ETC office ,500
อังคารที่ 12 เม.ย. 2565,Building A Gate 6,61
จันทร์ที่ 18 เม.ย. 2565,7-Eleven Stop,682
จันทร์ที่ 18 เม.ย. 2565,ETC office ,570
จันทร์ที่ 18 เม.ย. 2565,Building A Gate 6,72
อังคารที่ 19 เม.ย. 2565,7-Eleven Stop,776
อังคารที่ 19 เม.ย. 2565,ETC office ,545
อังคารที่ 19 เม.ย. 2565,Building A Gate 6,68
พุธที่ 20 เม.ย. 2565,7-Eleven Stop,711
พุธที่ 20 เม.ย. 2565,ETC office ,538
พุธที่ 20 เม.ย. 2565,Building A Gate 6,80
พฤหัสบดีที่ 12 เม.ย. 2565,7-Eleven Stop,678
พฤหัสบดีที่ 12 เม.ย. 2565,ETC office ,592
พฤหัสบดีที่ 12 เม.ย. 2565,Building A Gate 6,62
ศุกร์ที่ 22 เม.ย. 2565,7-Eleven Stop,787
ศุกร์ที่ 22 เม.ย. 2565,ETC office ,600
ศุกร์ที่ 22 เม.ย. 2565,Building A Gate 6,88
จันทร์ที่ 25 เม.ย. 2565,7-Eleven Stop,650
จันทร์ที่ 25 เม.ย. 2565,ETC office ,579
จันทร์ที่ 25 เม.ย. 2565,Building A Gate 6,56
อังคารที่ 26 เม.ย. 2565,7-Eleven Stop,784
อังคารที่ 26 เม.ย. 2565,ETC office ,620
อังคารที่ 26 เม.ย. 2565,Building A Gate 6,82
พุธที่ 27 เม.ย. 2565,7-Eleven Stop,859
พุธที่ 27 เม.ย. 2565,ETC office ,610
พุธที่ 27 เม.ย. 2565,Building A Gate 6,91
พฤหัสบดีที่ 28 เม.ย. 2565,7-Eleven Stop,822
พฤหัสบดีที่ 28 เม.ย. 2565,ETC office ,603
พฤหัสบดีที่ 28 เม.ย. 2565,Building A Gate 6,91
ศุกร์ที่ 29 เม.ย. 2565,7-Eleven Stop,824
ศุกร์ที่ 29 เม.ย. 2565,ETC office ,610
ศุกร์ที่ 29 เม.ย. 2565,Building A Gate 6,140
จันทร์ที่ 2 พ.ค. 2565,7-Eleven Stop,688
จันทร์ที่ 2 พ.ค. 2565,ETC office ,611
จันทร์ที่ 2 พ.ค. 2565,Building A Gate 6,53
อังคารที่ 3 พ.ค. 2565,7-Eleven Stop,800
อังคารที่ 3 พ.ค. 2565,ETC office ,661
อังคารที่ 3 พ.ค. 2565,Building A Gate 6,68
พฤหัสบดีที่ 5 พ.ค. 2565,7-Eleven Stop,820
พฤหัสบดีที่ 5 พ.ค. 2565,ETC office ,619
พฤหัสบดีที่ 5 พ.ค. 2565,Building A Gate 6,101
ศุกร์ที่ 6 พ.ค. 2565,7-Eleven Stop,787
ศุกร์ที่ 6 พ.ค. 2565,ETC office ,613
ศุกร์ที่ 6 พ.ค. 2565,Building A Gate 6,83
จันทร์ที่ 9 พ.ค. 2565,7-Eleven Stop,765
จันทร์ที่ 9 พ.ค. 2565,ETC office ,602
จันทร์ที่ 9 พ.ค. 2565,Building A Gate 6,86
อังคารที่ 10 พ.ค. 2565,7-Eleven Stop,704
อังคารที่ 10 พ.ค. 2565,ETC office ,607
อังคารที่ 10 พ.ค. 2565,Building A Gate 6,68
พุธที่ 11 พ.ค. 2565,7-Eleven Stop,710
พุธที่ 11 พ.ค. 2565,ETC office ,572
พุธที่ 11 พ.ค. 2565,Building A Gate 6,54
พฤหัสบดีที่ 12 พ.ค. 2565,7-Eleven Stop,729
พฤหัสบดีที่ 12 พ.ค. 2565,ETC office ,622
พฤหัสบดีที่ 12 พ.ค. 2565,Building A Gate 6,72
อังคารที่ 17 พ.ค. 2565,7-Eleven Stop,901
อังคารที่ 17 พ.ค. 2565,ETC office ,666
อังคารที่ 17 พ.ค. 2565,Building A Gate 6,109
พุธที่ 18 พ.ค. 2565,7-Eleven Stop,697
พุธที่ 18 พ.ค. 2565,ETC office ,686
พุธที่ 18 พ.ค. 2565,Building A Gate 6,113
พฤหัสบดีที่ 19 พ.ค. 2565,7-Eleven Stop,920
พฤหัสบดีที่ 19 พ.ค. 2565,ETC office ,641
พฤหัสบดีที่ 19 พ.ค. 2565,Building A Gate 6,66
ศุกร์ที่ 20 พ.ค. 2565,7-Eleven Stop,847
ศุกร์ที่ 20 พ.ค. 2565,ETC office ,558
ศุกร์ที่ 20 พ.ค. 2565,Building A Gate 6,65
จันทร์ที่ 23 พ.ค. 2565,7-Eleven Stop,829
จันทร์ที่ 23 พ.ค. 2565,ETC office ,648
จันทร์ที่ 23 พ.ค. 2565,Building A Gate 6,58
อังคารที่ 24 พ.ค. 2565,7-Eleven Stop,887
อังคารที่ 24 พ.ค. 2565,ETC office ,665
อังคารที่ 24 พ.ค. 2565,Building A Gate 6,94
พุธที่ 25 พ.ค. 2565,7-Eleven Stop,822
พุธที่ 25 พ.ค. 2565,ETC office ,670
พุธที่ 25 พ.ค. 2565,Building A Gate 6,50
พฤหัสบดีที่ 26 พ.ค. 2565,7-Eleven Stop,863
พฤหัสบดีที่ 26 พ.ค. 2565,ETC office ,492
พฤหัสบดีที่ 26 พ.ค. 2565,Building A Gate 6,100
ศุกร์ที่ 27 พ.ค. 2565,7-Eleven Stop,815
ศุกร์ที่ 27 พ.ค. 2565,ETC office ,674
ศุกร์ที่ 27 พ.ค. 2565,Building A Gate 6,125
จันทร์ที่ 30 พ.ค. 2565,7-Eleven Stop,782
จันทร์ที่ 30 พ.ค. 2565,ETC office ,671
จันทร์ที่ 30 พ.ค. 2565,Building A Gate 6,85
อังคารที่ 31 พ.ค. 2565,จำนวนผู้ใช้บริการรถไฟฟ้า​ บริเวณปากซอย​ 8,850
อังคารที่ 31 พ.ค. 2565,ETC office ,567
อังคารที่ 31 พ.ค. 2565,จำนวนผู้ใช้บริการรถไฟฟ้าบริเวณอาคาร A ประตู 7,110
พุธที่ 1 มิถุนายน 2565,7-Eleven Stop,861
พุธที่ 1 มิถุนายน 2565,ETC office ,666
พุธที่ 1 มิถุนายน 2565,Building A Gate 6,78
พฤหัสบดีที่ 2 มิถุนายน 2565,7-Eleven Stop,805
พฤหัสบดีที่ 2 มิถุนายน 2565,ETC office ,704
พฤหัสบดีที่ 2 มิถุนายน 2565,Building A Gate 6,150
จันทร์ที่ 6 มิ.ย. 2565,7-Eleven Stop,745
จันทร์ที่ 6 มิ.ย. 2565,ETC office ,651
จันทร์ที่ 6 มิ.ย. 2565,Building A Gate 6,101
อังคารที่ 7 มิ.ย. 2565,7-Eleven Stop,844
อังคารที่ 7 มิ.ย. 2565,ETC office ,686
อังคารที่ 7 มิ.ย. 2565,Building A Gate 6,87
พุธที่ 8 มิถุนายน 2565,7-Eleven Stop,886
พุธที่ 8 มิถุนายน 2565,ETC office ,648
พุธที่ 8 มิถุนายน 2565,Building A Gate 6,146
พฤหัสบดีที่ 9 มิถุนายน 2565,7-Eleven Stop,714
พฤหัสบดีที่ 9 มิถุนายน 2565,ETC office ,692
พฤหัสบดีที่ 9 มิถุนายน 2565,Building A Gate 6,106
ศุกร์ที่ 10 มิ.ย. 2565,7-Eleven Stop,890
ศุกร์ที่ 10 มิ.ย. 2565,ETC office ,730
ศุกร์ที่ 10 มิ.ย. 2565,Building A Gate 6,109
จันทร์ที่ 13 มิ.ย. 2565,7-Eleven Stop,858
จันทร์ที่ 13 มิ.ย. 2565,ETC office ,689
จันทร์ที่ 13 มิ.ย. 2565,Building A Gate 6,105
อังคารที่ 14 มิ.ย. 2565,7-Eleven Stop,949
อังคารที่ 14 มิ.ย. 2565,ETC office ,760
อังคารที่ 14 มิ.ย. 2565,Building A Gate 6,157
พุธที่ 15 มิ.ย 2565,7-Eleven Stop,933
พุธที่ 15 มิ.ย 2565,ETC office ,820
พุธที่ 15 มิ.ย 2565,Building A Gate 6,163
พฤหัสบดีที่ 16 มิ.ย. 2565,7-Eleven Stop,878
พฤหัสบดีที่ 16 มิ.ย. 2565,ETC office ,772
พฤหัสบดีที่ 16 มิ.ย. 2565,Building A Gate 6,209
ศุกร์ที่ 17 มิ.ย. 2565,7-Eleven Stop,864
ศุกร์ที่ 17 มิ.ย. 2565,ETC office ,687
ศุกร์ที่ 17 มิ.ย. 2565,Building A Gate 6,244
จันทร์ที่ 20 มิ.ย. 2565,7-Eleven Stop,846
จันทร์ที่ 20 มิ.ย. 2565,ETC office ,670
จันทร์ที่ 20 มิ.ย. 2565,Building A Gate 6,76
อังคารที่ 21 มิ.ย. 2565,7-Eleven Stop,900
อังคารที่ 21 มิ.ย. 2565,ETC office ,692
อังคารที่ 21 มิ.ย. 2565,Building A Gate 6,81
พุธที่ 22 มิ.ย. 2565,7-Eleven Stop,908
พุธที่ 22 มิ.ย. 2565,ETC office ,741
พุธที่ 22 มิ.ย. 2565,Building A Gate 6,110
พฤหัสบดีที่ 23 มิ.ย. 2565,7-Eleven Stop,820
พฤหัสบดีที่ 23 มิ.ย. 2565,ETC office ,672
พฤหัสบดีที่ 23 มิ.ย. 2565,Building A Gate 6,88
ศุกร์ที่ 24 มิ.ย. 2565,7-Eleven Stop,841
ศุกร์ที่ 24 มิ.ย. 2565,ETC office ,699
ศุกร์ที่ 24 มิ.ย. 2565,Building A Gate 6,106
จันทร์ที่ 27 มิ.ย. 2565,7-Eleven Stop,822
จันทร์ที่ 27 มิ.ย. 2565,ETC office ,635
จันทร์ที่ 27 มิ.ย. 2565,Building A Gate 6,66
อังคารที่ 28 มิ.ย. 2565,7-Eleven Stop,834
อังคารที่ 28 มิ.ย. 2565,ETC office ,720
อังคารที่ 28 มิ.ย. 2565,Building A Gate 6,110
พุธที่ 29 มิ.ย. 2565,7-Eleven Stop,846
พุธที่ 29 มิ.ย. 2565,ETC office ,710
พุธที่ 29 มิ.ย. 2565,Building A Gate 6,108
พฤหัสบดีที่ 30 มิ.ย. 2565,7-Eleven Stop,813
พฤหัสบดีที่ 30 มิ.ย. 2565,ETC office ,726
พฤหัสบดีที่ 30 มิ.ย. 2565,Building A Gate 6,105
ศุกร์ที่ 1 กรกฎาคม 2565,7-Eleven Stop,902
ศุกร์ที่ 1 กรกฎาคม 2565,ETC office ,724
ศุกร์ที่ 1 กรกฎาคม 2565,Building A Gate 6,120
จันทร์ที่ 4 กรกฎาคม 2565,7-Eleven Stop,803
จันทร์ที่ 4 กรกฎาคม 2565,ETC office ,708
จันทร์ที่ 4 กรกฎาคม 2565,Building A Gate 6,139
อังคารที่ 5 กรกฎาคม 2565,7-Eleven Stop,957
อังคารที่ 5 กรกฎาคม 2565,ETC office ,746
อังคารที่ 5 กรกฎาคม 2565,Building A Gate 6,120
พุธที่ 6 กรกฎาคม 2565,7-Eleven Stop,905
พุธที่ 6 กรกฎาคม 2565,ETC office ,757
พุธที่ 6 กรกฎาคม 2565,Building A Gate 6,120
พฤหัสบดีที่ 7 กรกฎาคม 2565,7-Eleven Stop,901
พฤหัสบดีที่ 7 กรกฎาคม 2565,ETC office ,719
พฤหัสบดีที่ 7 กรกฎาคม 2565,Building A Gate 6,138
ศุกร์ที่ 8 กรกฎาคม 2565,7-Eleven Stop,792
ศุกร์ที่ 8 กรกฎาคม 2565,ETC office ,748
ศุกร์ที่ 8 กรกฎาคม 2565,Building A Gate 6,146
จันทร์ที่ 11 กรกฎาคม 2565,7-Eleven Stop,764
จันทร์ที่ 11 กรกฎาคม 2565,ETC office ,604
จันทร์ที่ 11 กรกฎาคม 2565,Building A Gate 6,84
อังคารที่ 12 กรกฎาคม 2565,7-Eleven Stop,807
อังคารที่ 12 กรกฎาคม 2565,ETC office ,634
อังคารที่ 12 กรกฎาคม 2565,Building A Gate 6,76
จันทร์ที่ 18 กรกฎาคม 2565,7-Eleven Stop,776
จันทร์ที่ 18 กรกฎาคม 2565,ETC office ,630
จันทร์ที่ 18 กรกฎาคม 2565,Building A Gate 6,89
อังคารที่ 19 กรกฎาคม 2565,7-Eleven Stop,825
อังคารที่ 19 กรกฎาคม 2565,ETC office ,600
อังคารที่ 19 กรกฎาคม 2565,Building A Gate 6,94
พุธที่ 20 กรกฎาคม 2565,7-Eleven Stop,841
พุธที่ 20 กรกฎาคม 2565,ETC office ,663
พุธที่ 20 กรกฎาคม 2565,Building A Gate 6,77
พฤหัสบดีที่ 21 กรกฎาคม 2565,7-Eleven Stop,698
พฤหัสบดีที่ 21 กรกฎาคม 2565,ETC office ,593
พฤหัสบดีที่ 21 กรกฎาคม 2565,Building A Gate 6,89
ศุกร์ที่ 22 กรกฎาคม 2565,7-Eleven Stop,781
ศุกร์ที่ 22 กรกฎาคม 2565,ETC office ,569
ศุกร์ที่ 22 กรกฎาคม 2565,Building A Gate 6,91
จันทร์ที่ 25 กรกฎาคม 2565,7-Eleven Stop,791
จันทร์ที่ 25 กรกฎาคม 2565,ETC office ,610
จันทร์ที่ 25 กรกฎาคม 2565,Building A Gate 6,89
อังคารที่ 26 กรกฎาคม 2565,7-Eleven Stop,730
อังคารที่ 26 กรกฎาคม 2565,ETC office ,505
อังคารที่ 26 กรกฎาคม 2565,Building A Gate 6,98
พุธที่ 27 กรกฎาคม 2565,7-Eleven Stop,811
พุธที่ 27 กรกฎาคม 2565,ETC office ,601
พุธที่ 27 กรกฎาคม 2565,Building A Gate 6,78
จันทร์ที่ 1 สิงหาคม 2565,7-Eleven Stop,815
จันทร์ที่ 1 สิงหาคม 2565,ETC office ,683
จันทร์ที่ 1 สิงหาคม 2565,Building A Gate 6,119
อังคารที่ 2 สิงหาคม 2565,7-Eleven Stop,775
อังคารที่ 2 สิงหาคม 2565,ETC office ,729
อังคารที่ 2 สิงหาคม 2565,Building A Gate 6,127
พุธที่ 3 สิงหาคม 2565,7-Eleven Stop,835
พุธที่ 3 สิงหาคม 2565,ETC office ,597
พุธที่ 3 สิงหาคม 2565,Building A Gate 6,69
พฤหัสบดีที่ 4 สิงหาคม 2565,7-Eleven Stop,899
พฤหัสบดีที่ 4 สิงหาคม 2565,ETC office ,654
พฤหัสบดีที่ 4 สิงหาคม 2565,Building A Gate 6,92
ศุกร์ที่ 5 สิงหาคม 2565,7-Eleven Stop,818
ศุกร์ที่ 5 สิงหาคม 2565,ETC office ,608
ศุกร์ที่ 5 สิงหาคม 2565,Building A Gate 6,98
จันทร์ที่ 8 สิงหาคม 2565,7-Eleven Stop,765
จันทร์ที่ 8 สิงหาคม 2565,ETC office ,582
จันทร์ที่ 8 สิงหาคม 2565,Building A Gate 6,76
อังคารที่ 9 สิงหาคม 2565,7-Eleven Stop,934
อังคารที่ 9 สิงหาคม 2565,ETC office ,651
อังคารที่ 9 สิงหาคม 2565,Building A Gate 6,95
พุธที่ 10 สิงหาคม 2565,7-Eleven Stop,851
พุธที่ 10 สิงหาคม 2565,ETC office ,663
พุธที่ 10 สิงหาคม 2565,Building A Gate 6,118
พฤหัสบดีที่ 11 สิงหาคม 2565,7-Eleven Stop,620
พฤหัสบดีที่ 11 สิงหาคม 2565,ETC office ,862
พฤหัสบดีที่ 11 สิงหาคม 2565,Building A Gate 6,120
จันทร์ที่ 15 สิงหาคม 2565,7-Eleven Stop,779
จันทร์ที่ 15 สิงหาคม 2565,ETC office ,640
จันทร์ที่ 15 สิงหาคม 2565,Building A Gate 6,145
อังคารที่ 16 สิงหาคม 2565,7-Eleven Stop,960
อังคารที่ 16 สิงหาคม 2565,ETC office ,651
อังคารที่ 16 สิงหาคม 2565,Building A Gate 6,651
พุธที่ 17 สิงหาคม 2565,7-Eleven Stop,1020
พุธที่ 17 สิงหาคม 2565,ETC office ,699
พุธที่ 17 สิงหาคม 2565,Building A Gate 6,234
พฤหัสบดีที่ 18 สิงหาคม 2565,7-Eleven Stop,858
พฤหัสบดีที่ 18 สิงหาคม 2565,ETC office ,655
พฤหัสบดีที่ 18 สิงหาคม 2565,Building A Gate 6,207
ศุกร์ที่ 19 สิงหาคม 2565,7-Eleven Stop,1006
ศุกร์ที่ 19 สิงหาคม 2565,ETC office ,707
ศุกร์ที่ 19 สิงหาคม 2565,Building A Gate 6,230
จันทร์ที่ 22 สิงหาคม 2565,7-Eleven Stop,935
จันทร์ที่ 22 สิงหาคม 2565,ETC office ,633
จันทร์ที่ 22 สิงหาคม 2565,Building A Gate 6,79
อังคารที่ 23 สิงหาคม 2565,7-Eleven Stop,873
อังคารที่ 23 สิงหาคม 2565,ETC office ,643
อังคารที่ 23 สิงหาคม 2565,Building A Gate 6,109
พุธที่ 24 สิงหาคม 2565,7-Eleven Stop,743
พุธที่ 24 สิงหาคม 2565,ETC office ,631
พุธที่ 24 สิงหาคม 2565,Building A Gate 6,115
พฤหัสบดีที่ 25 สิงหาคม 2565,7-Eleven Stop,753
พฤหัสบดีที่ 25 สิงหาคม 2565,ETC office ,623
พฤหัสบดีที่ 25 สิงหาคม 2565,Building A Gate 6,127
ศุกร์ที่ 26 สิงหาคม 2565,7-Eleven Stop,797
ศุกร์ที่ 26 สิงหาคม 2565,ETC office ,588
ศุกร์ที่ 26 สิงหาคม 2565,Building A Gate 6,188
จันทร์ที่ 29 สิงหาคม 2565,7-Eleven Stop,820
จันทร์ที่ 29 สิงหาคม 2565,ETC office ,631
จันทร์ที่ 29 สิงหาคม 2565,Building A Gate 6,106
อังคารที่ 30 สิงหาคม 2565,7-Eleven Stop,909
อังคารที่ 30 สิงหาคม 2565,ETC office ,653
อังคารที่ 30 สิงหาคม 2565,Building A Gate 6,148
พุธที่ 31 สิงหาคม 2565,7-Eleven Stop,865
พุธที่ 31 สิงหาคม 2565,ETC office ,640
พุธที่ 31 สิงหาคม 2565,Building A Gate 6,111
พฤหัสบดีที่ 1 กันยายน 2565,7-Eleven Stop,873
พฤหัสบดีที่ 1 กันยายน 2565,ETC office ,752
พฤหัสบดีที่ 1 กันยายน 2565,Building A Gate 6,146
ศุกร์ที่ 2  กันยายน 2565,7-Eleven Stop,923
ศุกร์ที่ 2  กันยายน 2565,ETC office ,680
ศุกร์ที่ 2  กันยายน 2565,Building A Gate 6,160
จันทร์ที่ 5 กันยายน 2565,7-Eleven Stop,793
จันทร์ที่ 5 กันยายน 2565,ETC office ,601
จันทร์ที่ 5 กันยายน 2565,Building A Gate 6,66
อังคารที่ 6 กันยายน 2565,7-Eleven Stop,961
อังคารที่ 6 กันยายน 2565,ETC office ,635
อังคารที่ 6 กันยายน 2565,Building A Gate 6,112
พุธที่ 7 กันยายน 2565,7-Eleven Stop,749
พุธที่ 7 กันยายน 2565,ETC office ,664
พุธที่ 7 กันยายน 2565,Building A Gate 6,112
พฤหัสบดีที่ 8 กันยายน 2565,7-Eleven Stop,903
พฤหัสบดีที่ 8 กันยายน 2565,ETC office ,635
พฤหัสบดีที่ 8 กันยายน 2565,Building A Gate 6,171
ศุกร์ที่ 9 กันยายน 2565,7-Eleven Stop,787
ศุกร์ที่ 9 กันยายน 2565,ETC office ,662
ศุกร์ที่ 9 กันยายน 2565,Building A Gate 6,209
จันทร์ที่ 12 กันยายน 2565,7-Eleven Stop,889
จันทร์ที่ 12 กันยายน 2565,ETC office ,643
จันทร์ที่ 12 กันยายน 2565,Building A Gate 6,103
อังคารที่ 13 กันยายน 2565,7-Eleven Stop,1014
อังคารที่ 13 กันยายน 2565,ETC office ,688
อังคารที่ 13 กันยายน 2565,Building A Gate 6,146
พุธที่ 14 กันยายน 2565,7-Eleven Stop,949
พุธที่ 14 กันยายน 2565,ETC office ,704
พุธที่ 14 กันยายน 2565,Building A Gate 6,189
พฤหัสบดีที่ 15 กันยายน 2565,7-Eleven Stop,918
พฤหัสบดีที่ 15 กันยายน 2565,ETC office ,709
พฤหัสบดีที่ 15 กันยายน 2565,Building A Gate 6,135
ศุกร์ที่ 16 กันยายน 2565,7-Eleven Stop,911
ศุกร์ที่ 16 กันยายน 2565,ETC office ,737
ศุกร์ที่ 16 กันยายน 2565,Building A Gate 6,169
จันทร์ที่ 19 กันยายน 2565,7-Eleven Stop,716
จันทร์ที่ 19 กันยายน 2565,ETC office ,638
จันทร์ที่ 19 กันยายน 2565,Building A Gate 6,92
อังคารที่ 20 กันยายน 2565,7-Eleven Stop,888
อังคารที่ 20 กันยายน 2565,ETC office ,697
อังคารที่ 20 กันยายน 2565,Building A Gate 6,97
พุธที่ 21 กันยายน 2565,7-Eleven Stop,928
พุธที่ 21 กันยายน 2565,ETC office ,620
พุธที่ 21 กันยายน 2565,Building A Gate 6,123
พฤหัสบดีที่ 22 กันยายน 2565,7-Eleven Stop,799
พฤหัสบดีที่ 22 กันยายน 2565,ETC office ,641
พฤหัสบดีที่ 22 กันยายน 2565,Building A Gate 6,141
ศุกร์ที่ 23 กันยายน 2565,7-Eleven Stop,885
ศุกร์ที่ 23 กันยายน 2565,ETC office ,629
ศุกร์ที่ 23 กันยายน 2565,Building A Gate 6,88
จันทร์ที่ 26 กันยายน 2565,7-Eleven Stop,921
จันทร์ที่ 26 กันยายน 2565,ETC office ,604
จันทร์ที่ 26 กันยายน 2565,Building A Gate 6,119
อังคารที่ 27 กันยายน 2565,7-Eleven Stop,1065
อังคารที่ 27 กันยายน 2565,ETC office ,756
อังคารที่ 27 กันยายน 2565,Building A Gate 6,249
พุธที่ 28 กันยายน 2565,7-Eleven Stop,1103
พุธที่ 28 กันยายน 2565,ETC office ,725
พุธที่ 28 กันยายน 2565,Building A Gate 6,216
พฤหัสบดีที่ 29 กันยายน 2565,7-Eleven Stop,915
พฤหัสบดีที่ 29 กันยายน 2565,ETC office ,637
พฤหัสบดีที่ 29 กันยายน 2565,Building A Gate 6,181
ศุกร์ที่ 30 กันยายน 2565,7-Eleven Stop,875
ศุกร์ที่ 30 กันยายน 2565,ETC office ,618
ศุกร์ที่ 30 กันยายน 2565,Building A Gate 6,154
จันทร์ที่ 3 ตุลาคม 2565,7-Eleven Stop,921
จันทร์ที่ 3 ตุลาคม 2565,ETC office ,518
จันทร์ที่ 3 ตุลาคม 2565,Building A Gate 6,94
อังคารที่ 4 ตุลาคม 2565,7-Eleven Stop,713
อังคารที่ 4 ตุลาคม 2565,ETC office ,601
อังคารที่ 4 ตุลาคม 2565,Building A Gate 6,104
พุธที่ 5 ตุลาคม 2565,7-Eleven Stop,926
พุธที่ 5 ตุลาคม 2565,ETC office ,569
พุธที่ 5 ตุลาคม 2565,Building A Gate 6,141
พฤหัสบดีที่ 6 ตุลาคม 2565,7-Eleven Stop,944
พฤหัสบดีที่ 6 ตุลาคม 2565,ETC office ,526
พฤหัสบดีที่ 6 ตุลาคม 2565,Building A Gate 6,174
ศุกร์ที่ 7 ตุลาคม 2565,7-Eleven Stop,816
ศุกร์ที่ 7 ตุลาคม 2565,ETC office ,629
ศุกร์ที่ 7 ตุลาคม 2565,Building A Gate 6,186
จันทร์ที่ 10 ตุลาคม 2565,7-Eleven Stop,861
จันทร์ที่ 10 ตุลาคม 2565,ETC office ,518
จันทร์ที่ 10 ตุลาคม 2565,Building A Gate 6,115
อังคารที่ 11 ตุลาคม 2565,7-Eleven Stop,924
อังคารที่ 11 ตุลาคม 2565,ETC office ,666
อังคารที่ 11 ตุลาคม 2565,Building A Gate 6,198
พุธที่ 12 ตุลาคม 2565,7-Eleven Stop,984
พุธที่ 12 ตุลาคม 2565,ETC office ,684
พุธที่ 12 ตุลาคม 2565,Building A Gate 6,158
จันทร์ที่ 17 ตุลาคม 2565,7-Eleven Stop,949
จันทร์ที่ 17 ตุลาคม 2565,ETC office ,713
จันทร์ที่ 17 ตุลาคม 2565,Building A Gate 6,182
อังคารที่ 18 ตุลาคม 2565,7-Eleven Stop,1058
อังคารที่ 18 ตุลาคม 2565,ETC office ,702
อังคารที่ 18 ตุลาคม 2565,Building A Gate 6,180
พุธที่ 19 ตุลาคม 2565,7-Eleven Stop,1004
พุธที่ 19 ตุลาคม 2565,ETC office ,844
พุธที่ 19 ตุลาคม 2565,Building A Gate 6,230
พฤหัสบดีที่ 20 ตุลาคม 2565,7-Eleven Stop,1052
พฤหัสบดีที่ 20 ตุลาคม 2565,ETC office ,759
พฤหัสบดีที่ 20 ตุลาคม 2565,Building A Gate 6,154
ศุกร์ที่ 21 ตุลาคม 2565,7-Eleven Stop,1082
ศุกร์ที่ 21 ตุลาคม 2565,ETC office ,728
ศุกร์ที่ 21 ตุลาคม 2565,Building A Gate 6,197
อังคารที่ 25 ตุลาคม 2565,7-Eleven Stop,932
อังคารที่ 25 ตุลาคม 2565,ETC office ,745
อังคารที่ 25 ตุลาคม 2565,Building A Gate 6,128
พุธที่ 26 ตุลาคม 2565,7-Eleven Stop,1036
พุธที่ 26 ตุลาคม 2565,ETC office ,690
พุธที่ 26 ตุลาคม 2565,Building A Gate 6,131
พฤหัสบดีที่ 27 ตุลาคม 2565,7-Eleven Stop,955
พฤหัสบดีที่ 27 ตุลาคม 2565,ETC office ,708
พฤหัสบดีที่ 27 ตุลาคม 2565,Building A Gate 6,143
ศุกร์ที่ 28 ตุลาคม 2565,7-Eleven Stop,902
ศุกร์ที่ 28 ตุลาคม 2565,ETC office ,707
ศุกร์ที่ 28 ตุลาคม 2565,Building A Gate 6,112
จันทร์ที่ 31 ตุลาคม 2565,7-Eleven Stop,883
จันทร์ที่ 31 ตุลาคม 2565,ETC office ,615
จันทร์ที่ 31 ตุลาคม 2565,Building A Gate 6,123
วันอังคารที่ 1 พฤศจิกายน 2565,7-Eleven Stop,834
วันอังคารที่ 1 พฤศจิกายน 2565,ETC office ,627
วันอังคารที่ 1 พฤศจิกายน 2565,Building A Gate 6,119
วันพุธที่ 2 พฤศจิกายน 2565,7-Eleven Stop,848
วันพุธที่ 2 พฤศจิกายน 2565,ETC office ,606
วันพุธที่ 2 พฤศจิกายน 2565,Building A Gate 6,154
พฤหัสบดีที่ 3 พฤศจิกายน 2565,7-Eleven Stop,849
พฤหัสบดีที่ 3 พฤศจิกายน 2565,ETC office ,616
พฤหัสบดีที่ 3 พฤศจิกายน 2565,Building A Gate 6,142
ศุกร์ที่ 4 พฤศจิกายน 2565,7-Eleven Stop,854
ศุกร์ที่ 4 พฤศจิกายน 2565,ETC office ,597
ศุกร์ที่ 4 พฤศจิกายน 2565,Building A Gate 6,143
จันทร์ที่ 7 พฤศจิกายน 2565,7-Eleven Stop,884
จันทร์ที่ 7 พฤศจิกายน 2565,ETC office ,644
จันทร์ที่ 7 พฤศจิกายน 2565,Building A Gate 6,110
อังคารที่ 8 พฤศจิกายน 2565,7-Eleven Stop,881
อังคารที่ 8 พฤศจิกายน 2565,ETC office ,639
อังคารที่ 8 พฤศจิกายน 2565,Building A Gate 6,159
พุธที่ 9 พฤศจิกายน 2565,7-Eleven Stop,932
พุธที่ 9 พฤศจิกายน 2565,ETC office ,612
พุธที่ 9 พฤศจิกายน 2565,Building A Gate 6,138
พฤหัสบดีที่ 10 พฤศจิกายน 2565 ,7-Eleven Stop,888
พฤหัสบดีที่ 10 พฤศจิกายน 2565 ,ETC office ,615
พฤหัสบดีที่ 10 พฤศจิกายน 2565 ,Building A Gate 6,117
ศุกร์ที่ 11 พฤศจิกายน 2565,7-Eleven Stop,900
ศุกร์ที่ 11 พฤศจิกายน 2565,ETC office ,681
ศุกร์ที่ 11 พฤศจิกายน 2565,Building A Gate 6,129
จันทร์ที่ 14 พฤศจิกายน 2565,7-Eleven Stop,809
จันทร์ที่ 14 พฤศจิกายน 2565,ETC office ,581
จันทร์ที่ 14 พฤศจิกายน 2565,Building A Gate 6,108
อังคารที่ 15 พฤศจิกายน 2565,7-Eleven Stop,790
อังคารที่ 15 พฤศจิกายน 2565,ETC office ,620
อังคารที่ 15 พฤศจิกายน 2565,Building A Gate 6,109
จันทร์ที่ 21 พฤศจิกายน 2565,7-Eleven Stop,886
จันทร์ที่ 21 พฤศจิกายน 2565,ETC office ,662
จันทร์ที่ 21 พฤศจิกายน 2565,Building A Gate 6,170
อังคารที่ 22 พฤศจิกายน 2565,7-Eleven Stop,1033
อังคารที่ 22 พฤศจิกายน 2565,ETC office ,714
อังคารที่ 22 พฤศจิกายน 2565,Building A Gate 6,219
พุธที่ 23 พฤศจิกายน 2565,7-Eleven Stop,1043
พุธที่ 23 พฤศจิกายน 2565,ETC office ,707
พุธที่ 23 พฤศจิกายน 2565,Building A Gate 6,182
พฤหัสบดีที่ 24 พฤศจิกายน 2565,7-Eleven Stop,981
พฤหัสบดีที่ 24 พฤศจิกายน 2565,ETC office ,701
พฤหัสบดีที่ 24 พฤศจิกายน 2565,Building A Gate 6,169
ศุกร์ที่ 25 พฤศจิกายน 2565,7-Eleven Stop,1037
ศุกร์ที่ 25 พฤศจิกายน 2565,ETC office ,740
ศุกร์ที่ 25 พฤศจิกายน 2565,Building A Gate 6,260
จันทร์ที่ 28 พฤศจิกายน 2565,7-Eleven Stop,932
จันทร์ที่ 28 พฤศจิกายน 2565,ETC office ,662
จันทร์ที่ 28 พฤศจิกายน 2565,Building A Gate 6,114
อังคารที่ 29 พฤศจิกายน 2565,7-Eleven Stop,868
อังคารที่ 29 พฤศจิกายน 2565,ETC office ,665
อังคารที่ 29 พฤศจิกายน 2565,Building A Gate 6,123
ศุกร์ที่ 30 พฤศจิกายน 2565,7-Eleven Stop,937
ศุกร์ที่ 30 พฤศจิกายน 2565,ETC office ,679
ศุกร์ที่ 30 พฤศจิกายน 2565,Building A Gate 6,121
พฤหัสบดีที่ 1 ธันวาคม 2565,7-Eleven Stop,882
พฤหัสบดีที่ 1 ธันวาคม 2565,ETC office ,622
พฤหัสบดีที่ 1 ธันวาคม 2565,Building A Gate 6,134
ศุกร์ที่ 2 ธันวาคม 2565,7-Eleven Stop,895
ศุกร์ที่ 2 ธันวาคม 2565,ETC office ,87
ศุกร์ที่ 2 ธันวาคม 2565,Building A Gate 6,114
อังคารที่ 6 ธันวาคม 2565,7-Eleven Stop,830
อังคารที่ 6 ธันวาคม 2565,ETC office ,474
อังคารที่ 6 ธันวาคม 2565,Building A Gate 6,113
พุธที่ 7 ธันวาคม 2565,7-Eleven Stop,512
พุธที่ 7 ธันวาคม 2565,ETC office ,584
พุธที่ 7 ธันวาคม 2565,Building A Gate 6,127
พฤหัสบดีที่ 8 ธันวาคม 2565,7-Eleven Stop,937
พฤหัสบดีที่ 8 ธันวาคม 2565,ETC office ,551
พฤหัสบดีที่ 8 ธันวาคม 2565,Building A Gate 6,158
ศุกร์ที่ 9 ธันวาคม 2565,7-Eleven Stop,692
ศุกร์ที่ 9 ธันวาคม 2565,ETC office ,605
ศุกร์ที่ 9 ธันวาคม 2565,Building A Gate 6,185
อังคารที่ 13 ธันวาคม 2565,7-Eleven Stop,786
อังคารที่ 13 ธันวาคม 2565,ETC office ,639
อังคารที่ 13 ธันวาคม 2565,Building A Gate 6,114
พุธที่ 14 ธันวาคม 2565,7-Eleven Stop,853
พุธที่ 14 ธันวาคม 2565,ETC office ,633
พุธที่ 14 ธันวาคม 2565,Building A Gate 6,141
พฤหัสบดีที่ 15 ธันวาคม 2565,7-Eleven Stop,869
พฤหัสบดีที่ 15 ธันวาคม 2565,ETC office ,666
พฤหัสบดีที่ 15 ธันวาคม 2565,Building A Gate 6,119
ศุกร์ที่ 16 ธันวาคม 2565,7-Eleven Stop,742
ศุกร์ที่ 16 ธันวาคม 2565,ETC office ,643
ศุกร์ที่ 16 ธันวาคม 2565,Building A Gate 6,100
จันทร์ที่ 19  ธันวาคม 2565,7-Eleven Stop,951
จันทร์ที่ 19  ธันวาคม 2565,ETC office ,670
จันทร์ที่ 19  ธันวาคม 2565,Building A Gate 6,185
อังคารที่ 20 ธันวาคม 2565,7-Eleven Stop,963
อังคารที่ 20 ธันวาคม 2565,ETC office ,708
อังคารที่ 20 ธันวาคม 2565,Building A Gate 6,211
พุธที่ 21 ธันวาคม 2565,7-Eleven Stop,934
พุธที่ 21 ธันวาคม 2565,ETC office ,675
พุธที่ 21 ธันวาคม 2565,Building A Gate 6,222
พฤหัสบดีที่ 22 ธันวาคม 2565,7-Eleven Stop,832
พฤหัสบดีที่ 22 ธันวาคม 2565,ETC office ,644
พฤหัสบดีที่ 22 ธันวาคม 2565,Building A Gate 6,186
ศุกร์ที่ 23 ธันวาคม 2565,7-Eleven Stop,921
ศุกร์ที่ 23 ธันวาคม 2565,ETC office ,726
ศุกร์ที่ 23 ธันวาคม 2565,Building A Gate 6,205
จันทร์ที่ 26  ธันวาคม 2565,7-Eleven Stop,867
จันทร์ที่ 26  ธันวาคม 2565,ETC office ,647
จันทร์ที่ 26  ธันวาคม 2565,Building A Gate 6,121
อังคารที่ 27 ธันวาคม 2565,7-Eleven Stop,835
อังคารที่ 27 ธันวาคม 2565,ETC office ,652
อังคารที่ 27 ธันวาคม 2565,Building A Gate 6,134
พุธที่ 28 ธันวาคม 2565,7-Eleven Stop,798
พุธที่ 28 ธันวาคม 2565,ETC office ,595
พุธที่ 28 ธันวาคม 2565,Building A Gate 6,118
พฤหัสบดีที่ 29 ธันวาคม 2565,7-Eleven Stop,721
พฤหัสบดีที่ 29 ธันวาคม 2565,ETC office ,550
พฤหัสบดีที่ 29 ธันวาคม 2565,Building A Gate 6,98
อังคารที่ 3 มกราคม 2566,7-Eleven Stop,737
อังคารที่ 3 มกราคม 2566,ETC office ,617
อังคารที่ 3 มกราคม 2566,Building A Gate 6,112
พุธที่ 4 มกราคม 2566,7-Eleven Stop,789
พุธที่ 4 มกราคม 2566,ETC office ,630
พุธที่ 4 มกราคม 2566,Building A Gate 6,135
พฤหัสบดีที่ 5 มกราคม 2566,7-Eleven Stop,821
พฤหัสบดีที่ 5 มกราคม 2566,ETC office ,614
พฤหัสบดีที่ 5 มกราคม 2566,Building A Gate 6,120
ศุกร์ที่ 6 มกราคม 2566,7-Eleven Stop,787
ศุกร์ที่ 6 มกราคม 2566,ETC office ,669
ศุกร์ที่ 6 มกราคม 2566,Building A Gate 6,136
จันทร์ที่ 9 มกราคม 2566,7-Eleven Stop,835
จันทร์ที่ 9 มกราคม 2566,ETC office ,647
จันทร์ที่ 9 มกราคม 2566,Building A Gate 6,125
อังคารที่ 10 มกราคม 2566,7-Eleven Stop,800
อังคารที่ 10 มกราคม 2566,ETC office ,598
อังคารที่ 10 มกราคม 2566,Building A Gate 6,143
พุธที่ 11 มกราคม 2566,7-Eleven Stop,800
พุธที่ 11 มกราคม 2566,ETC office ,585
พุธที่ 11 มกราคม 2566,Building A Gate 6,123
พฤหัสบดีที่ 12 มกราคม 2566,7-Eleven Stop,831
พฤหัสบดีที่ 12 มกราคม 2566,ETC office ,574
พฤหัสบดีที่ 12 มกราคม 2566,Building A Gate 6,140
ศุกร์ที่ 13 มกราคม 2566,7-Eleven Stop,773
ศุกร์ที่ 13 มกราคม 2566,ETC office ,597
ศุกร์ที่ 13 มกราคม 2566,Building A Gate 6,139
จันทร์ที่ 16 มกราคม 2566,7-Eleven Stop,913
จันทร์ที่ 16 มกราคม 2566,ETC office ,635
จันทร์ที่ 16 มกราคม 2566,Building A Gate 6,163
อังคารที่ 17 มกราคม 2566,7-Eleven Stop,1012
อังคารที่ 17 มกราคม 2566,ETC office ,605
อังคารที่ 17 มกราคม 2566,Building A Gate 6,200
พุธที่ 18 มกราคม 2566,7-Eleven Stop,891
พุธที่ 18 มกราคม 2566,ETC office ,630
พุธที่ 18 มกราคม 2566,Building A Gate 6,177
พฤหัสบดีที่ 19 มกราคม 2566,7-Eleven Stop,916
พฤหัสบดีที่ 19 มกราคม 2566,ETC office ,643
พฤหัสบดีที่ 19 มกราคม 2566,Building A Gate 6,196
ศุกร์ที่ 20 มกราคม 2566,7-Eleven Stop,996
ศุกร์ที่ 20 มกราคม 2566,ETC office ,688
ศุกร์ที่ 20 มกราคม 2566,Building A Gate 6,219
จันทร์ที่ 23 มกราคม 2566,7-Eleven Stop,774
จันทร์ที่ 23 มกราคม 2566,ETC office ,586
จันทร์ที่ 23 มกราคม 2566,Building A Gate 6,116
อังคารที่ 24 มกราคม 2566,7-Eleven Stop,798
อังคารที่ 24 มกราคม 2566,ETC office ,568
อังคารที่ 24 มกราคม 2566,Building A Gate 6,91
พุธที่ 25 มกราคม 2566,7-Eleven Stop,834
พุธที่ 25 มกราคม 2566,ETC office ,566
พุธที่ 25 มกราคม 2566,Building A Gate 6,127
พฤหัสบดีที่ 26 มกราคม 2566,7-Eleven Stop,903
พฤหัสบดีที่ 26 มกราคม 2566,ETC office ,598
พฤหัสบดีที่ 26 มกราคม 2566,Building A Gate 6,140
ศุกร์ที่ 27 มกราคม 2566,7-Eleven Stop,839
ศุกร์ที่ 27 มกราคม 2566,ETC office ,579
ศุกร์ที่ 27 มกราคม 2566,Building A Gate 6,136
จันทร์ที่ 30 มกราคม 2566,7-Eleven Stop,714
จันทร์ที่ 30 มกราคม 2566,ETC office ,606
จันทร์ที่ 30 มกราคม 2566,Building A Gate 6,112
อังคารที่ 31 มกราคม 2566,7-Eleven Stop,887
อังคารที่ 31 มกราคม 2566,ETC office ,623
อังคารที่ 31 มกราคม 2566,Building A Gate 6,146
พุธที่ 1 กุมภาพันธ์ 2566,7-Eleven Stop,877
พุธที่ 1 กุมภาพันธ์ 2566,ETC office ,602
พุธที่ 1 กุมภาพันธ์ 2566,Building A Gate 6,108
พฤหัสบดีที่ 2 กุมภาพันธ์ 2566,7-Eleven Stop,830
พฤหัสบดีที่ 2 กุมภาพันธ์ 2566,ETC office ,627
พฤหัสบดีที่ 2 กุมภาพันธ์ 2566,Building A Gate 6,120
ศุกร์ที่ 3 กุมภาพันธ์ 2566,7-Eleven Stop,821
ศุกร์ที่ 3 กุมภาพันธ์ 2566,ETC office ,580
ศุกร์ที่ 3 กุมภาพันธ์ 2566,Building A Gate 6,126
จันทร์ที่ 6 กุมภาพันธ์ 2566,7-Eleven Stop,787
จันทร์ที่ 6 กุมภาพันธ์ 2566,ETC office ,629
จันทร์ที่ 6 กุมภาพันธ์ 2566,Building A Gate 6,126
อังคารที่ 7 กุมภาพันธ์ 2566,7-Eleven Stop,854
อังคารที่ 7 กุมภาพันธ์ 2566,ETC office ,665
อังคารที่ 7 กุมภาพันธ์ 2566,Building A Gate 6,125
พุธที่ 8 กุมภาพันธ์ 2566,7-Eleven Stop,666
พุธที่ 8 กุมภาพันธ์ 2566,ETC office ,869
พุธที่ 8 กุมภาพันธ์ 2566,Building A Gate 6,112
พฤหัสบดีที่ 9 กุมภาพันธ์ 2566,7-Eleven Stop,852
พฤหัสบดีที่ 9 กุมภาพันธ์ 2566,ETC office ,627
พฤหัสบดีที่ 9 กุมภาพันธ์ 2566,Building A Gate 6,95
ศุกร์ที่ 10 กุมภาพันธ์ 2566,7-Eleven Stop,831
ศุกร์ที่ 10 กุมภาพันธ์ 2566,ETC office ,586
ศุกร์ที่ 10 กุมภาพันธ์ 2566,Building A Gate 6,100
จันทร์ที่ 13 กุมภาพันธ์ 2566,7-Eleven Stop,811
จันทร์ที่ 13 กุมภาพันธ์ 2566,ETC office ,594
จันทร์ที่ 13 กุมภาพันธ์ 2566,Building A Gate 6,89
อังคารที่ 14 กุมภาพันธ์ 2566,7-Eleven Stop,847
อังคารที่ 14 กุมภาพันธ์ 2566,ETC office ,611
อังคารที่ 14 กุมภาพันธ์ 2566,Building A Gate 6,89
พุธที่ 15กุมภาพันธ์ 2566,7-Eleven Stop,750
พุธที่ 15กุมภาพันธ์ 2566,ETC office ,537
พุธที่ 15กุมภาพันธ์ 2566,Building A Gate 6,124
พฤหัสบดีที่ 16 กุมภาพันธ์ 2566,7-Eleven Stop,888
พฤหัสบดีที่ 16 กุมภาพันธ์ 2566,ETC office ,639
พฤหัสบดีที่ 16 กุมภาพันธ์ 2566,Building A Gate 6,146
ศุกร์ที่ 17 กุมภาพันธ์ 2566,7-Eleven Stop,791
ศุกร์ที่ 17 กุมภาพันธ์ 2566,ETC office ,569
ศุกร์ที่ 17 กุมภาพันธ์ 2566,Building A Gate 6,167
จันทร์ที่ 20 กุมภาพันธ์ 2566,7-Eleven Stop,947
จันทร์ที่ 20 กุมภาพันธ์ 2566,ETC office ,667
จันทร์ที่ 20 กุมภาพันธ์ 2566,Building A Gate 6,142
อังคารที่ 21 กุมภาพันธ์ 2566,7-Eleven Stop,965
อังคารที่ 21 กุมภาพันธ์ 2566,ETC office ,659
อังคารที่ 21 กุมภาพันธ์ 2566,Building A Gate 6,126
พุธที่ 22 กุมภาพันธ์ 2566,7-Eleven Stop,956
พุธที่ 22 กุมภาพันธ์ 2566,ETC office ,667
พุธที่ 22 กุมภาพันธ์ 2566,Building A Gate 6,193
พฤหัสบดีที่ 23 กุมภาพันธ์ 2566,7-Eleven Stop,928
พฤหัสบดีที่ 23 กุมภาพันธ์ 2566,ETC office ,631
พฤหัสบดีที่ 23 กุมภาพันธ์ 2566,Building A Gate 6,233
ศุกร์ที่ 24 กุมภาพันธ์ 2566,7-Eleven Stop,976
ศุกร์ที่ 24 กุมภาพันธ์ 2566,ETC office ,685
ศุกร์ที่ 24 กุมภาพันธ์ 2566,Building A Gate 6,233
จันทร์ที่ 27 กุมภาพันธ์ 2566,7-Eleven Stop,910
จันทร์ที่ 27 กุมภาพันธ์ 2566,ETC office ,643
จันทร์ที่ 27 กุมภาพันธ์ 2566,Building A Gate 6,238
อังคารที่ 28 กุมภาพันธ์ 2566,7-Eleven Stop,899
อังคารที่ 28 กุมภาพันธ์ 2566,ETC office ,650
อังคารที่ 28 กุมภาพันธ์ 2566,Building A Gate 6,124
พุธที่ 1 มีนาคม 2566,7-Eleven Stop,879
พุธที่ 1 มีนาคม 2566,ETC office ,594
พุธที่ 1 มีนาคม 2566,Building A Gate 6,140
พฤหัสบดีที่ 2 มีนาคม 2566,7-Eleven Stop,815
พฤหัสบดีที่ 2 มีนาคม 2566,ETC office ,635
พฤหัสบดีที่ 2 มีนาคม 2566,Building A Gate 6,145
ศุกร์ที่ 3 มีนาคม 2566,7-Eleven Stop,814
ศุกร์ที่ 3 มีนาคม 2566,ETC office ,623
ศุกร์ที่ 3 มีนาคม 2566,Building A Gate 6,104
อังคารที่ 7 มีนาคม 2566,7-Eleven Stop,913
อังคารที่ 7 มีนาคม 2566,ETC office ,645
อังคารที่ 7 มีนาคม 2566,Building A Gate 6,242
พุธที่ 8 มีนาคม 2566,7-Eleven Stop,870
พุธที่ 8 มีนาคม 2566,ETC office ,617
พุธที่ 8 มีนาคม 2566,Building A Gate 6,150
พฤหัสบดีที่ 9 มีนาคม 2566,7-Eleven Stop,828
พฤหัสบดีที่ 9 มีนาคม 2566,ETC office ,637
พฤหัสบดีที่ 9 มีนาคม 2566,Building A Gate 6,118
ศุกร์ที่ 10 มีนาคม 2566,7-Eleven Stop,900
ศุกร์ที่ 10 มีนาคม 2566,ETC office ,590
ศุกร์ที่ 10 มีนาคม 2566,Building A Gate 6,187
จันทร์ที่ 13 มีนาคม 2566,7-Eleven Stop,954
จันทร์ที่ 13 มีนาคม 2566,ETC office ,624
จันทร์ที่ 13 มีนาคม 2566,Building A Gate 6,186
อังคารที่ 14 มีนาคม 2566,7-Eleven Stop,943
อังคารที่ 14 มีนาคม 2566,ETC office ,653
อังคารที่ 14 มีนาคม 2566,Building A Gate 6,153
พุธที่ 15 มีนาคม 2566,7-Eleven Stop,1009
พุธที่ 15 มีนาคม 2566,ETC office ,676
พุธที่ 15 มีนาคม 2566,Building A Gate 6,195
พฤหัสบดีที่ 16 มีนาคม 2566,7-Eleven Stop,961
พฤหัสบดีที่ 16 มีนาคม 2566,ETC office ,610
พฤหัสบดีที่ 16 มีนาคม 2566,Building A Gate 6,181
ศุกร์ที่ 17 มีนาคม 2566,7-Eleven Stop,895
ศุกร์ที่ 17 มีนาคม 2566,ETC office ,621
ศุกร์ที่ 17 มีนาคม 2566,Building A Gate 6,236
จันทร์ที่ 20 มีนาคม 2566,7-Eleven Stop,938
จันทร์ที่ 20 มีนาคม 2566,ETC office ,596
จันทร์ที่ 20 มีนาคม 2566,Building A Gate 6,119
อังคารที่ 21 มีนาคม 2566,7-Eleven Stop,982
อังคารที่ 21 มีนาคม 2566,ETC office ,643
อังคารที่ 21 มีนาคม 2566,Building A Gate 6,89
พุธที่ 22 มีนาคม 2566,7-Eleven Stop,982
พุธที่ 22 มีนาคม 2566,ETC office ,586
พุธที่ 22 มีนาคม 2566,Building A Gate 6,129
พฤหัสบดีที่ 23 มีนาคม 2566,7-Eleven Stop,951
พฤหัสบดีที่ 23 มีนาคม 2566,ETC office ,567
พฤหัสบดีที่ 23 มีนาคม 2566,Building A Gate 6,107
ศุกร์ที่ 24 มีนาคม 2566,7-Eleven Stop,615
ศุกร์ที่ 24 มีนาคม 2566,ETC office ,518
ศุกร์ที่ 24 มีนาคม 2566,Building A Gate 6,111
จันทร์ที่ 27 มีนาคม 2566,7-Eleven Stop,961
จันทร์ที่ 27 มีนาคม 2566,ETC office ,568
จันทร์ที่ 27 มีนาคม 2566,Building A Gate 6,85
อังคารที่ 28 มีนาคม 2566,7-Eleven Stop,893
อังคารที่ 28 มีนาคม 2566,ETC office ,611
อังคารที่ 28 มีนาคม 2566,Building A Gate 6,113
พุธที่ 29 มีนาคม 2566,7-Eleven Stop,1009
พุธที่ 29 มีนาคม 2566,ETC office ,586
พุธที่ 29 มีนาคม 2566,Building A Gate 6,145
พฤหัสบดีที่ 30 มีนาคม 2566,7-Eleven Stop,895
พฤหัสบดีที่ 30 มีนาคม 2566,ETC office ,516
พฤหัสบดีที่ 30 มีนาคม 2566,Building A Gate 6,116
ศุกร์ที่ 31 มีนาคม 2566,7-Eleven Stop,870
ศุกร์ที่ 31 มีนาคม 2566,ETC office ,610
ศุกร์ที่ 31 มีนาคม 2566,Building A Gate 6,123
จันทร์ที่ 3 เมษายน 2566,7-Eleven Stop,888
จันทร์ที่ 3 เมษายน 2566,ETC office ,548
จันทร์ที่ 3 เมษายน 2566,Building A Gate 6,201
อังคารที่ 4 เมษายน 2566,7-Eleven Stop,938
อังคารที่ 4 เมษายน 2566,ETC office ,590
อังคารที่ 4 เมษายน 2566,Building A Gate 6,143
พุธที่ 5 เมษายน 2566,7-Eleven Stop,918
พุธที่ 5 เมษายน 2566,ETC office ,
พุธที่ 5 เมษายน 2566,Building A Gate 6,120
ศุกร์ที่ 7 เมษายน 2566,7-Eleven Stop,809
ศุกร์ที่ 7 เมษายน 2566,ETC office ,567
ศุกร์ที่ 7 เมษายน 2566,Building A Gate 6,128
จันทร์ที่ 10 เมษายน 2566,7-Eleven Stop,848
จันทร์ที่ 10 เมษายน 2566,ETC office ,729
จันทร์ที่ 10 เมษายน 2566,Building A Gate 6,188
อังคารที่ 11 เมษายน 2566,7-Eleven Stop,944
อังคารที่ 11 เมษายน 2566,ETC office ,650
อังคารที่ 11 เมษายน 2566,Building A Gate 6,200
พุธที่ 12 เมษายน 2566,7-Eleven Stop,869
พุธที่ 12 เมษายน 2566,ETC office ,571
พุธที่ 12 เมษายน 2566,Building A Gate 6,171
อังคารที่ 18 เมษายน 2566,7-Eleven Stop,917
อังคารที่ 18 เมษายน 2566,ETC office ,559
อังคารที่ 18 เมษายน 2566,Building A Gate 6,143
พุธที่ 19 เมษายน 2566,7-Eleven Stop,911
พุธที่ 19 เมษายน 2566,ETC office ,627
พุธที่ 19 เมษายน 2566,Building A Gate 6,176
พฤหัสบดีที่ 20 เมษายน 2566,7-Eleven Stop,1011
พฤหัสบดีที่ 20 เมษายน 2566,ETC office ,436
พฤหัสบดีที่ 20 เมษายน 2566,Building A Gate 6,195
ศุกร์ที่ 21 เมษายน 2566,7-Eleven Stop,1076
ศุกร์ที่ 21 เมษายน 2566,ETC office ,681
ศุกร์ที่ 21 เมษายน 2566,Building A Gate 6,200
จันทร์ที่ 24 เมษายน 2566,7-Eleven Stop,569
จันทร์ที่ 24 เมษายน 2566,ETC office ,865
จันทร์ที่ 24 เมษายน 2566,Building A Gate 6,99
อังคารที่ 25 เมษายน 2566,7-Eleven Stop,967
อังคารที่ 25 เมษายน 2566,ETC office ,573
อังคารที่ 25 เมษายน 2566,Building A Gate 6,149
พุธที่ 26 เมษายน 2566,7-Eleven Stop,840
พุธที่ 26 เมษายน 2566,ETC office ,596
พุธที่ 26 เมษายน 2566,Building A Gate 6,165
พฤหัสบดีที่ 27 เมษายน 2566,7-Eleven Stop,795
พฤหัสบดีที่ 27 เมษายน 2566,ETC office ,560
พฤหัสบดีที่ 27 เมษายน 2566,Building A Gate 6,143
ศุกร์ที่ 28 เมษายน 2566,7-Eleven Stop,773
ศุกร์ที่ 28 เมษายน 2566,ETC office ,575
ศุกร์ที่ 28 เมษายน 2566,Building A Gate 6,140
จันทร์ที่ 1 พฤษภาคม 2566,7-Eleven Stop,936
จันทร์ที่ 1 พฤษภาคม 2566,ETC office ,577
จันทร์ที่ 1 พฤษภาคม 2566,Building A Gate 6,142
อังคารที่ 2 พฤษภาคม 2566,7-Eleven Stop,"1,000"
อังคารที่ 2 พฤษภาคม 2566,ETC office ,614
อังคารที่ 2 พฤษภาคม 2566,Building A Gate 6,109
พุธที่ 3 พฤษภาคม 2566,7-Eleven Stop,"1,036"
พุธที่ 3 พฤษภาคม 2566,ETC office ,643
พุธที่ 3 พฤษภาคม 2566,Building A Gate 6,158
จันทร์ที่ 8 พฤษภาคม 2566,7-Eleven Stop,"1,034 "
จันทร์ที่ 8 พฤษภาคม 2566,ETC office ,592
จันทร์ที่ 8 พฤษภาคม 2566,Building A Gate 6,128
อังคารที่ 9 พฤษภาคม 2566,7-Eleven Stop,"1,012"
อังคารที่ 9 พฤษภาคม 2566,ETC office ,600
อังคารที่ 9 พฤษภาคม 2566,Building A Gate 6,161
พุธที่ 10 พฤษภาคม 2566,7-Eleven Stop,999
พุธที่ 10 พฤษภาคม 2566,ETC office ,548
พุธที่ 10 พฤษภาคม 2566,Building A Gate 6,174
พฤหัสบดีที่ 11 พฤษภาคม 2566,7-Eleven Stop,"1,069"
พฤหัสบดีที่ 11 พฤษภาคม 2566,ETC office ,547
พฤหัสบดีที่ 11 พฤษภาคม 2566,Building A Gate 6,133
ศุกร์ที่ 12 พฤษภาคม 2566,7-Eleven Stop,"1,081"
ศุกร์ที่ 12 พฤษภาคม 2566,ETC office ,600
ศุกร์ที่ 12 พฤษภาคม 2566,Building A Gate 6,249
จันทร์ที่ 15 พฤษภาคม 2566,7-Eleven Stop,914
จันทร์ที่ 15 พฤษภาคม 2566,ETC office ,511
จันทร์ที่ 15 พฤษภาคม 2566,Building A Gate 6,124
อังคารที่ 16 พฤษภาคม 2566,7-Eleven Stop,996
อังคารที่ 16 พฤษภาคม 2566,ETC office ,507
อังคารที่ 16 พฤษภาคม 2566,Building A Gate 6,95
พฤหัสบดีที่ 18 พฤษภาคม 2566,7-Eleven Stop,956
พฤหัสบดีที่ 18 พฤษภาคม 2566,ETC office ,546
พฤหัสบดีที่ 18 พฤษภาคม 2566,Building A Gate 6,96
ศุกร์ที่ 19 พฤษภาคม 2566,7-Eleven Stop,894
ศุกร์ที่ 19 พฤษภาคม 2566,ETC office ,548
ศุกร์ที่ 19 พฤษภาคม 2566,Building A Gate 6,106
จันทร์ที่ 22 พฤษภาคม 2566,7-Eleven Stop,931
จันทร์ที่ 22 พฤษภาคม 2566,ETC office ,590
จันทร์ที่ 22 พฤษภาคม 2566,Building A Gate 6,116
อังคารที่ 23 พฤษภาคม 2566,7-Eleven Stop,"1,021"
อังคารที่ 23 พฤษภาคม 2566,ETC office ,609
อังคารที่ 23 พฤษภาคม 2566,Building A Gate 6,110
พุธที่ 24 พฤษภาคม 2566,7-Eleven Stop,940
พุธที่ 24 พฤษภาคม 2566,ETC office ,597
พุธที่ 24 พฤษภาคม 2566,Building A Gate 6,115
พฤหัสบดีที่ 25 พฤษภาคม 2566,7-Eleven Stop,939
พฤหัสบดีที่ 25 พฤษภาคม 2566,ETC office ,540
พฤหัสบดีที่ 25 พฤษภาคม 2566,Building A Gate 6,100
ศุกร์ที่ 26 พฤษภาคม 2566,7-Eleven Stop,987
ศุกร์ที่ 26 พฤษภาคม 2566,ETC office ,571
ศุกร์ที่ 26 พฤษภาคม 2566,Building A Gate 6,142
จันทร์ที่ 29 พฤษภาคม 2566,7-Eleven Stop,975
จันทร์ที่ 29 พฤษภาคม 2566,ETC office ,602
จันทร์ที่ 29 พฤษภาคม 2566,Building A Gate 6,131
อังคารที่ 30 พฤษภาคม 2566,7-Eleven Stop,"1,026"
อังคารที่ 30 พฤษภาคม 2566,ETC office ,588
อังคารที่ 30 พฤษภาคม 2566,Building A Gate 6,147
พุธที่ 31 พฤษภาคม 2566,จำนวนผู้ใช้บริการรถไฟฟ้า​ บริเวณปากซอย​ 8,906
พุธที่ 31 พฤษภาคม 2566,ETC office ,546
พุธที่ 31 พฤษภาคม 2566,จำนวนผู้ใช้บริการรถไฟฟ้าบริเวณอาคาร A ประตู 7,131
พฤหัสบดีที่ 1 มิถุนายนน 2566,7-Eleven Stop,812
พฤหัสบดีที่ 1 มิถุนายนน 2566,ETC office ,632
พฤหัสบดีที่ 1 มิถุนายนน 2566,Building A Gate 6,159
ศุกร์ที่ 2 มิถุนายน 2566,7-Eleven Stop,800
ศุกร์ที่ 2 มิถุนายน 2566,ETC office ,572
ศุกร์ที่ 2 มิถุนายน 2566,Building A Gate 6,153
อังคารที่ 6 มิถุนายน 2566,7-Eleven Stop,904
อังคารที่ 6 มิถุนายน 2566,ETC office ,569
อังคารที่ 6 มิถุนายน 2566,Building A Gate 6,122
พุธที่ 7 มิถุนายน 2566,7-Eleven Stop,918
พุธที่ 7 มิถุนายน 2566,ETC office ,
พุธที่ 7 มิถุนายน 2566,Building A Gate 6,74
พฤหัสบดีที่ 8 มิถุนายนน 2566,7-Eleven Stop,908
พฤหัสบดีที่ 8 มิถุนายนน 2566,ETC office ,631
พฤหัสบดีที่ 8 มิถุนายนน 2566,Building A Gate 6,117
ศุกร์ที่ 9 มิถุนายน 2566,7-Eleven Stop,827
ศุกร์ที่ 9 มิถุนายน 2566,ETC office ,518
ศุกร์ที่ 9 มิถุนายน 2566,Building A Gate 6,75
จันทร์ที่ 12 มิถุนายน 2566,7-Eleven Stop,856
จันทร์ที่ 12 มิถุนายน 2566,ETC office ,535
จันทร์ที่ 12 มิถุนายน 2566,Building A Gate 6,79
อังคารที่ 13 มิถุนายน 2566,7-Eleven Stop,949
อังคารที่ 13 มิถุนายน 2566,ETC office ,643
อังคารที่ 13 มิถุนายน 2566,Building A Gate 6,157
พุธที่ 14 มิถุนายน 2566,7-Eleven Stop,435
พุธที่ 14 มิถุนายน 2566,ETC office ,560
พุธที่ 14 มิถุนายน 2566,Building A Gate 6,133
พฤหัสบดีที่ 15 มิถุนายน 2566,7-Eleven Stop,882
พฤหัสบดีที่ 15 มิถุนายน 2566,ETC office ,574
พฤหัสบดีที่ 15 มิถุนายน 2566,Building A Gate 6,127
ศุกร์ที่ 16 มิถุนายน 2566,7-Eleven Stop,943
ศุกร์ที่ 16 มิถุนายน 2566,ETC office ,565
ศุกร์ที่ 16 มิถุนายน 2566,Building A Gate 6,128
จันทร์ที่ 19 มิถุนายน 2566,7-Eleven Stop,910
จันทร์ที่ 19 มิถุนายน 2566,ETC office ,578
จันทร์ที่ 19 มิถุนายน 2566,Building A Gate 6,101
อังคารที่ 20 มิถุนายน 2566,7-Eleven Stop,954
อังคารที่ 20 มิถุนายน 2566,ETC office ,642
อังคารที่ 20 มิถุนายน 2566,Building A Gate 6,177
พุธที่ 21 มิถุนายน 2566,7-Eleven Stop,"1,071"
พุธที่ 21 มิถุนายน 2566,ETC office ,650
พุธที่ 21 มิถุนายน 2566,Building A Gate 6,274
พฤหัสบดีที่ 22 มิถุนายน 2566,7-Eleven Stop,819
พฤหัสบดีที่ 22 มิถุนายน 2566,ETC office ,649
พฤหัสบดีที่ 22 มิถุนายน 2566,Building A Gate 6,172
ศุกร์ที่ 23 มิถุนายน 2566,7-Eleven Stop,883
ศุกร์ที่ 23 มิถุนายน 2566,ETC office ,628
ศุกร์ที่ 23 มิถุนายน 2566,Building A Gate 6,172
จันทร์ที่ 26 มิถุนายน 2566,7-Eleven Stop,925
จันทร์ที่ 26 มิถุนายน 2566,ETC office ,582
จันทร์ที่ 26 มิถุนายน 2566,Building A Gate 6,157
อังคารที่ 27 มิถุนายน 2566,7-Eleven Stop,"1,018"
อังคารที่ 27 มิถุนายน 2566,ETC office ,677
อังคารที่ 27 มิถุนายน 2566,Building A Gate 6,285
พุธที่ 28 มิถนายน 2566,7-Eleven Stop,930
พุธที่ 28 มิถนายน 2566,ETC office ,718
พุธที่ 28 มิถนายน 2566,Building A Gate 6,189
พฤหัสบดีที่ 29 มิถุนายน 2566,7-Eleven Stop,881
พฤหัสบดีที่ 29 มิถุนายน 2566,ETC office ,633
พฤหัสบดีที่ 29 มิถุนายน 2566,Building A Gate 6,243
ศุกร์ที่ 30 มิถุนายน 2566,7-Eleven Stop,"1,010"
ศุกร์ที่ 30 มิถุนายน 2566,ETC office ,658
ศุกร์ที่ 30 มิถุนายน 2566,Building A Gate 6,269
จันทร์ที่ 3 กรกฎาคม 2566,7-Eleven Stop,750
จันทร์ที่ 3 กรกฎาคม 2566,ETC office ,553
จันทร์ที่ 3 กรกฎาคม 2566,Building A Gate 6,274
อังคารที่ 4 กรกฎาคม 2566,7-Eleven Stop,750
อังคารที่ 4 กรกฎาคม 2566,ETC office ,775
อังคารที่ 4 กรกฎาคม 2566,Building A Gate 6,77
พุธที่ 5 กรกฎาคม 2566,7-Eleven Stop,758
พุธที่ 5 กรกฎาคม 2566,ETC office ,552
พุธที่ 5 กรกฎาคม 2566,Building A Gate 6,98
พฤหัสบดีที่ 6 กรกฎาคม 2566,7-Eleven Stop,895
พฤหัสบดีที่ 6 กรกฎาคม 2566,ETC office ,559
พฤหัสบดีที่ 6 กรกฎาคม 2566,Building A Gate 6,88
ศุกร์ที่ 7 กรกฎาคม 2566,7-Eleven Stop,801
ศุกร์ที่ 7 กรกฎาคม 2566,ETC office ,591
ศุกร์ที่ 7 กรกฎาคม 2566,Building A Gate 6,94
จันทร์ที่ 10 กรกฎาคม 2566,7-Eleven Stop,847
จันทร์ที่ 10 กรกฎาคม 2566,ETC office ,571
จันทร์ที่ 10 กรกฎาคม 2566,Building A Gate 6,136
อังคารที่ 11 กรกฎาคม 2566,7-Eleven Stop,928
อังคารที่ 11 กรกฎาคม 2566,ETC office ,562
อังคารที่ 11 กรกฎาคม 2566,Building A Gate 6,99
พุธที่ 12 กรกฎาคม 2566,7-Eleven Stop,"1,009"
พุธที่ 12 กรกฎาคม 2566,ETC office ,599
พุธที่ 12 กรกฎาคม 2566,Building A Gate 6,94
พฤหัสบดีที่ 13 กรกฎาคม 2566,7-Eleven Stop,864
พฤหัสบดีที่ 13 กรกฎาคม 2566,ETC office ,533
พฤหัสบดีที่ 13 กรกฎาคม 2566,Building A Gate 6,145
ศุกร์ที่ 14 กรกฎาคม 2566,7-Eleven Stop,762
ศุกร์ที่ 14 กรกฎาคม 2566,ETC office ,520
ศุกร์ที่ 14 กรกฎาคม 2566,Building A Gate 6,109
จันทร์ที่ 17 กรกฎาคม 2566,7-Eleven Stop,842
จันทร์ที่ 17 กรกฎาคม 2566,ETC office ,578
จันทร์ที่ 17 กรกฎาคม 2566,Building A Gate 6,117
อังคารที่ 18 กรกฎาคม 2566,7-Eleven Stop,"1,063"
อังคารที่ 18 กรกฎาคม 2566,ETC office ,624
อังคารที่ 18 กรกฎาคม 2566,Building A Gate 6,161
พุธที่ 19 กรกฎาคม 2566,7-Eleven Stop,"1,068"
พุธที่ 19 กรกฎาคม 2566,ETC office ,561
พุธที่ 19 กรกฎาคม 2566,Building A Gate 6,153
พฤหัสบดีที่ 20 กรกฎาคม 2566,7-Eleven Stop,"1,024"
พฤหัสบดีที่ 20 กรกฎาคม 2566,ETC office ,647
พฤหัสบดีที่ 20 กรกฎาคม 2566,Building A Gate 6,169
ศุกร์ที่ 21 กรกฎาคม 2566,7-Eleven Stop,"1,094"
ศุกร์ที่ 21 กรกฎาคม 2566,ETC office ,619
ศุกร์ที่ 21 กรกฎาคม 2566,Building A Gate 6,170
จันทร์ที่ 24 กรกฎาคม 2566,7-Eleven Stop,968
จันทร์ที่ 24 กรกฎาคม 2566,ETC office ,569
จันทร์ที่ 24 กรกฎาคม 2566,Building A Gate 6,130
อังคารที่ 25 กรกฎาคม 2566,7-Eleven Stop,945
อังคารที่ 25 กรกฎาคม 2566,ETC office ,569
อังคารที่ 25 กรกฎาคม 2566,Building A Gate 6,135
พุธที่ 26 กรกฎาคม 2566,7-Eleven Stop,922
พุธที่ 26 กรกฎาคม 2566,ETC office ,563
พุธที่ 26 กรกฎาคม 2566,Building A Gate 6,172
พฤหัสบดีที่ 27 กรกฎาคม 2566,7-Eleven Stop,896
พฤหัสบดีที่ 27 กรกฎาคม 2566,ETC office ,591
พฤหัสบดีที่ 27 กรกฎาคม 2566,Building A Gate 6,181
พฤหัสบดีที่ 3 สิงหาคม 2566,7-Eleven Stop,825
พฤหัสบดีที่ 3 สิงหาคม 2566,ETC office ,577
พฤหัสบดีที่ 3 สิงหาคม 2566,Building A Gate 6,92
ศุกร์ที่ 4 สิงหาคม 2566,7-Eleven Stop,825
ศุกร์ที่ 4 สิงหาคม 2566,ETC office ,582
ศุกร์ที่ 4 สิงหาคม 2566,Building A Gate 6,123
จันทร์ที่ 7 สิงหาคม 2566,7-Eleven Stop,"1,001"
จันทร์ที่ 7 สิงหาคม 2566,ETC office ,547
จันทร์ที่ 7 สิงหาคม 2566,Building A Gate 6,128
อังคารที่ 8 สิงหาคม 2566,7-Eleven Stop,426
อังคารที่ 8 สิงหาคม 2566,ETC office ,432
อังคารที่ 8 สิงหาคม 2566,Building A Gate 6,69
พุธที่ 9 สิงหาคม 2566,7-Eleven Stop,864
พุธที่ 9 สิงหาคม 2566,ETC office ,504
พุธที่ 9 สิงหาคม 2566,Building A Gate 6,104
พฤหัสบดีที่ 10 สิงหาคม 2566,7-Eleven Stop,891
พฤหัสบดีที่ 10 สิงหาคม 2566,ETC office ,537
พฤหัสบดีที่ 10 สิงหาคม 2566,Building A Gate 6,111
ศุกร์ที่ 11 สิงหาคม 2566,7-Eleven Stop,919
ศุกร์ที่ 11 สิงหาคม 2566,ETC office ,510
ศุกร์ที่ 11 สิงหาคม 2566,Building A Gate 6,125
อังคารที่ 15 สิงหาคม 2566,7-Eleven Stop,817
อังคารที่ 15 สิงหาคม 2566,ETC office ,576
อังคารที่ 15 สิงหาคม 2566,Building A Gate 6,121
พุธที่ 16 สิงหาคม 2566,7-Eleven Stop,985
พุธที่ 16 สิงหาคม 2566,ETC office ,673
พุธที่ 16 สิงหาคม 2566,Building A Gate 6,188
พฤหัสบดีที่ 17 สิงหาคม 2566,7-Eleven Stop,947
พฤหัสบดีที่ 17 สิงหาคม 2566,ETC office ,672
พฤหัสบดีที่ 17 สิงหาคม 2566,Building A Gate 6,174
ศุกร์ที่ 18 สิงหาคม 2566,7-Eleven Stop,"1,043"
ศุกร์ที่ 18 สิงหาคม 2566,ETC office ,629
ศุกร์ที่ 18 สิงหาคม 2566,Building A Gate 6,199
จันทร์ที่ 21 สิงหาคม 2566,7-Eleven Stop,"1,049"
จันทร์ที่ 21 สิงหาคม 2566,ETC office ,585
จันทร์ที่ 21 สิงหาคม 2566,Building A Gate 6,114
อังคารที่ 22 สิงหาคม 2566,7-Eleven Stop,"1,077"
อังคารที่ 22 สิงหาคม 2566,ETC office ,640
อังคารที่ 22 สิงหาคม 2566,Building A Gate 6,156
พุธที่ 23 สิงหาคม 2566,7-Eleven Stop,860
พุธที่ 23 สิงหาคม 2566,ETC office ,663
พุธที่ 23 สิงหาคม 2566,Building A Gate 6,204
พฤหัสบดีที่ 24 สิงหาคม 2566,7-Eleven Stop,882
พฤหัสบดีที่ 24 สิงหาคม 2566,ETC office ,591
พฤหัสบดีที่ 24 สิงหาคม 2566,Building A Gate 6,153
ศุกร์ที่ 25 สิงหาคม 2566,7-Eleven Stop,853
ศุกร์ที่ 25 สิงหาคม 2566,ETC office ,499
ศุกร์ที่ 25 สิงหาคม 2566,Building A Gate 6,212
จันทร์ที่ 28 สิงหาคม 2566,7-Eleven Stop,920
จันทร์ที่ 28 สิงหาคม 2566,ETC office ,597
จันทร์ที่ 28 สิงหาคม 2566,Building A Gate 6,131
อังคารที่ 29 สิงหาคม 2566,7-Eleven Stop,843
อังคารที่ 29 สิงหาคม 2566,ETC office ,507
อังคารที่ 29 สิงหาคม 2566,Building A Gate 6,147
พุธที่ 30 สิงหาคม 2566,7-Eleven Stop,837
พุธที่ 30 สิงหาคม 2566,ETC office ,579
พุธที่ 30 สิงหาคม 2566,Building A Gate 6,209
พฤหัสบดีที่ 31 สิงหาคม 2566,7-Eleven Stop,916
พฤหัสบดีที่ 31 สิงหาคม 2566,ETC office ,603
พฤหัสบดีที่ 31 สิงหาคม 2566,Building A Gate 6,120
ศุกร์ที่ 1 กันยายน 2566,7-Eleven Stop,897
ศุกร์ที่ 1 กันยายน 2566,ETC office ,590
ศุกร์ที่ 1 กันยายน 2566,Building A Gate 6,134
จันทร์ที่ 4 กันยายน 2566,7-Eleven Stop,826
จันทร์ที่ 4 กันยายน 2566,ETC office ,384
จันทร์ที่ 4 กันยายน 2566,Building A Gate 6,117
อังคารที่ 5 กันยายน 2566,7-Eleven Stop,953
อังคารที่ 5 กันยายน 2566,ETC office ,570
อังคารที่ 5 กันยายน 2566,Building A Gate 6,117
พุธที่ 6 กันยายน 2566,7-Eleven Stop,915
พุธที่ 6 กันยายน 2566,ETC office ,542
พุธที่ 6 กันยายน 2566,Building A Gate 6,131
พฤหัสบดีที่ 7 กันยายน 2566,7-Eleven Stop,873
พฤหัสบดีที่ 7 กันยายน 2566,ETC office ,487
พฤหัสบดีที่ 7 กันยายน 2566,Building A Gate 6,144
ศุกร์ที่ 8 กันยายน 2566,7-Eleven Stop,863
ศุกร์ที่ 8 กันยายน 2566,ETC office ,545
ศุกร์ที่ 8 กันยายน 2566,Building A Gate 6,135
จันทร์ที่ 11 กันยายน 2566,7-Eleven Stop,780
จันทร์ที่ 11 กันยายน 2566,ETC office ,
จันทร์ที่ 11 กันยายน 2566,Building A Gate 6,106
อังคารที่ 12 กันยายน 2566,7-Eleven Stop,769
อังคารที่ 12 กันยายน 2566,ETC office ,
อังคารที่ 12 กันยายน 2566,Building A Gate 6,109
พุธที่ 13 กันยายน 2566,7-Eleven Stop,896
พุธที่ 13 กันยายน 2566,ETC office ,555
พุธที่ 13 กันยายน 2566,Building A Gate 6,93
พฤหัสบดีที่ 14 กันยายน 2566,7-Eleven Stop,835
พฤหัสบดีที่ 14 กันยายน 2566,ETC office ,527
พฤหัสบดีที่ 14 กันยายน 2566,Building A Gate 6,98
ศุกร์ที่ 15 กันยายน 2566,7-Eleven Stop,912
ศุกร์ที่ 15 กันยายน 2566,ETC office ,89
ศุกร์ที่ 15 กันยายน 2566,Building A Gate 6,548
จันทร์ที่ 18 กันยายน 2566,7-Eleven Stop,992
จันทร์ที่ 18 กันยายน 2566,ETC office ,614
จันทร์ที่ 18 กันยายน 2566,Building A Gate 6,166
อังคารที่ 19 กันยายน 2566,7-Eleven Stop,935
อังคารที่ 19 กันยายน 2566,ETC office ,593
อังคารที่ 19 กันยายน 2566,Building A Gate 6,192
พุธที่ 20 กันยายน 2566,7-Eleven Stop,819
พุธที่ 20 กันยายน 2566,ETC office ,581
พุธที่ 20 กันยายน 2566,Building A Gate 6,170
พฤหัสบดีที่ 21 กันยายน 2566,7-Eleven Stop,881
พฤหัสบดีที่ 21 กันยายน 2566,ETC office ,582
พฤหัสบดีที่ 21 กันยายน 2566,Building A Gate 6,137
ศุกร์ที่ 22 กันยายน 2566,7-Eleven Stop,536
ศุกร์ที่ 22 กันยายน 2566,ETC office ,941
ศุกร์ที่ 22 กันยายน 2566,Building A Gate 6,147
จันทร์ที่ 25 กันยายน 2566,7-Eleven Stop,941
จันทร์ที่ 25 กันยายน 2566,ETC office ,614
จันทร์ที่ 25 กันยายน 2566,Building A Gate 6,180
อังคารที่ 26 กันยายน 2566,7-Eleven Stop,991
อังคารที่ 26 กันยายน 2566,ETC office ,594
อังคารที่ 26 กันยายน 2566,Building A Gate 6,220
พุธที่ 27 กันยายน 2566,7-Eleven Stop,994
พุธที่ 27 กันยายน 2566,ETC office ,617
พุธที่ 27 กันยายน 2566,Building A Gate 6,194
พฤหัสบดีที่ 28 กันยายน 2566,7-Eleven Stop,879
พฤหัสบดีที่ 28 กันยายน 2566,ETC office ,689
พฤหัสบดีที่ 28 กันยายน 2566,Building A Gate 6,225
ศุกร์ที่ 29 กันยายน 2566,7-Eleven Stop,962
ศุกร์ที่ 29 กันยายน 2566,ETC office ,730
ศุกร์ที่ 29 กันยายน 2566,Building A Gate 6,207
จันทร์ที่ 2 ตุลาคม 2566,7-Eleven Stop,969
จันทร์ที่ 2 ตุลาคม 2566,ETC office ,615
จันทร์ที่ 2 ตุลาคม 2566,Building A Gate 6,83
อังคารที่ 3 ตุลาคม 2566,7-Eleven Stop,888
อังคารที่ 3 ตุลาคม 2566,ETC office ,465
อังคารที่ 3 ตุลาคม 2566,Building A Gate 6,80
พุธที่ 4 ตุลาคม 2566,7-Eleven Stop,872
พุธที่ 4 ตุลาคม 2566,ETC office ,541
พุธที่ 4 ตุลาคม 2566,Building A Gate 6,102
พฤหัสบดีที่ 5 ตุลาคม 2566,7-Eleven Stop,791
พฤหัสบดีที่ 5 ตุลาคม 2566,ETC office ,494
พฤหัสบดีที่ 5 ตุลาคม 2566,Building A Gate 6,76
ศุกร์ที่ 6 ตุลาคม 2566,7-Eleven Stop,816
ศุกร์ที่ 6 ตุลาคม 2566,ETC office ,513
ศุกร์ที่ 6 ตุลาคม 2566,Building A Gate 6,130
จันทร์ที่ 9 ตุลาคม 2566,7-Eleven Stop,848
จันทร์ที่ 9 ตุลาคม 2566,ETC office ,546
จันทร์ที่ 9 ตุลาคม 2566,Building A Gate 6,124
อังคารที่ 10 ตุลาคม 2566,7-Eleven Stop,727
อังคารที่ 10 ตุลาคม 2566,ETC office ,646
อังคารที่ 10 ตุลาคม 2566,Building A Gate 6,186
พุธที่ 11 ตุลาคม 2566,7-Eleven Stop,996
พุธที่ 11 ตุลาคม 2566,ETC office ,533
พุธที่ 11 ตุลาคม 2566,Building A Gate 6,151
